word,count
cells,3
cell,280
type,526
code,279
execution,490
count,517
id,282
c,265
e,301
ad,17
ac,17
ea,17
df,9
metadata,490
outputs,277
data,212
text,246
plain,211
array,22
n,720
output,252
execute,211
result,211
source,278
import,30
numpy,4
as,12
np,25
x,60
v,36
reshape,1
dot,3
no,6
broadcasting,1
ee,18
b,430
ae,21
be,16
cc,12
bf,20
a,365
d,302
f,305
ef,16
acc,2
aa,23
dd,23
mean,1
axis,1
bb,9
scipy,4
linalg,10
svd,2
full,3
matrices,3
false,15
ce,12
ab,26
fa,14
true,29
db,14
fd,23
fe,14
image,1
png,1
ivborw,1
kggoaaaansuheugaaajgaaagdcayaaaaftak,1
aaaaonrfwhrtb,1
z,30
fyzqbnyxrwbg,1
bgliihzlcnnpb,1
zljewljasigh,1
dhbzoi,1
vbwf,1
cgxvdgxpyi,1
vcmcvlhjycgaaaalwsflzaaapyqaad,1
ebqd,1
naqaayljjrefuejzt,1
xl,1
vpxzn,1
dvmckswsflka,1
cjbaienygkebybiiowpckvo,1
ils,1
typoa,1
ntw,1
vvhm,1
nhirlhfrevceqzikmfp,1
alrfiahzjvjopozoe,1
fkxmihjbazs,1
zm,2
pdc,1
vojlzck,1
iztznt,1
y,37
iiqicciiiiifuukdaberevfxy,1
jdrereismeh,1
iiibshcq,3
rerepdhmciiiiuhwmoererkq,3
thciiihiczjgeberkeiesb,1
afbwob,1
epyvq,1
faigib,1
oerernqboiiitryw,1
fhxuknah,1
pxywtn,1
nmzsehikdomiiiiugoljsxo,1
anhu,1
zyitghokwpkdcgslkzgaiiii,1
giz,1
yyehat,1
h,48
dlbcu,1
lhywfmcehiilymr,1
zxsjfxkrerkq,1
thciiihiczjgeberkeiwwseiiilfyyjdrereismeh,1
hk,4
wnm,1
ahjtvvhnx,1
feqbafffphffv,1
zcengpkwlqa,1
xiykpca,1
volx,1
xysqidbw,1
etqfdwiedsxllsg,1
et,3
rerl,1
kowlofx,1
hg,1
dildffbvdx,1
dqo,1
ngjmjmzkzexhz,1
u,103
jfhsglfcvcxubm,1
mdvrfrkzs,1
kz,3
dj,5
syz,1
l,32
febherefkyqrrf,1
svfsbcwcuvk,1
hrrrzc,1
sknn,1
rxx,1
fw,2
cpu,1
bo,1
cu,1
di,4
zcxadarfmzydab,1
mpuegggxareyfly,1
kbaz,1
qydwqctycrevererd,1
im,1
fslqdk,1
ubi,2
ysrfbptzs,1
dbt,1
ujzc,1
o,46
zduvwy,1
vyldcbza,1
isqgzsphoes,1
hzdzjulyuvqpwyiibwhqtqo,1
qrknvhuamu,1
otjtgd,1
jw,1
yzssuomxlzuhjiam,1
xmxmtgw,1
wyoqkhaxfzczy,1
pkyu,1
hkxllyiz,1
ximxu,1
t,28
j,28
kmqcof,1
puxx,1
ohm,1
dqcq,1
lfy,1
qcrzdhq,1
mxrj,1
ziieut,1
zwtpz,1
soskq,1
w,40
r,49
oeco,1
tp,4
es,1
tpmzlqcovqicvcpmgxsdz,1
nrzhe,1
visqqy,1
aqt,1
vwz,1
fnthdne,1
qfcxzg,1
vz,2
m,73
isejoindpilx,1
vsx,1
fyfyimva,1
lpwrujvyxasjcfosnqx,1
vgf,3
th,22
el,3
nn,1
kgpg,1
kbfffkyji,1
wxnix,1
zloddrdxthucqayddrlpdji,1
yzyk,1
paal,1
ndwhgut,1
wsu,1
sbgxl,1
zeljexiyagaffrue,1
nrnyvpddrodlqud,1
jcsqoacp,1
cyoh,1
bwjwg,1
xaurdgjbqdjz,1
dqhafhgi,1
kics,1
wofz,1
q,21
xd,3
iur,1
uwct,1
fdmlypqkypywndcrhk,1
va,3
pp,1
pxtq,1
ncnuf,1
cfdwzglaexcigi,1
rdgdgd,1
lv,1
trkzh,1
dh,1
lkbty,1
dzu,1
dmsn,1
pkjqsejz,1
hv,3
xwr,1
numhdksgo,1
gfuxotg,1
yxvsdkzgr,1
nva,1
nbzm,1
bwfo,1
oqb,1
djv,1
nhow,1
bvfn,1
laddl,1
glf,1
g,21
sfeknhscx,1
bcjvjvbb,1
al,2
oneovra,1
efkkq,1
cfwdtbtgeabnc,1
nw,4
fopig,1
pbdf,1
chvskhxskzup,1
drsjqppozqbzwkjrhfxnx,1
duhpz,1
fn,2
ajzbwppz,1
fcxazaoxv,1
uy,1
fo,3
cuioqkmh,1
fbw,1
fbjvvvsu,1
nnnhtzxxbpuyx,1
ff,16
eogff,1
dkybg,1
milwlt,1
lebnm,1
fjt,1
kxkxuierpeymx,1
wgv,1
ti,3
vby,1
xkovepxrp,1
yps,1
tmclgwg,1
olfp,1
dnmwbckggniprk,1
evqskqgf,1
vphrtm,1
ehjuiz,1
qkr,1
hgld,1
zo,4
prufbafyvqsety,1
eiskkek,1
ftrly,1
dbxdrs,1
ynkkszc,1
pjkiv,1
iehufhyia,1
bnri,1
tnhjrjz,1
gm,2
epag,1
upj,2
estt,1
lu,1
lmtxv,1
zz,2
hz,4
epik,1
ffrgueeew,1
hulhnvgus,1
ker,1
p,44
yfrijn,1
byqmgve,1
urazax,1
znvzmic,1
ylagbozikeumlgv,1
vmrd,1
ou,2
mokfahtsseqqme,1
fj,5
ewynir,1
mcw,1
ngp,1
bzb,1
wolgd,1
uhmobki,1
tnos,1
xm,3
trdxdkhanotxt,1
ayge,1
vogrbg,1
yvasft,1
rmugeessnvx,1
vg,2
veuurbf,1
hmdekvkvotus,1
nzjudxhcz,1
saacn,1
hup,1
fjecpskcuut,1
zaymppzrhvdc,1
ot,4
lvp,1
whri,1
rcip,1
ez,4
tg,4
pyj,2
oi,3
rhmcp,1
lto,1
uxdmt,1
znnhfdoocdogvauzcnxg,1
gea,1
hhffg,1
he,1
kzurtx,1
cd,20
cnn,1
spxx,1
abaregpzb,1
cg,1
fgjqia,1
tx,1
eve,1
uwpndscvxkm,1
gakodzjn,1
safptuh,1
aqb,1
fgo,1
nqa,1
rnwlx,1
jekaiz,1
pdwsj,1
owe,1
ejd,1
lb,2
exikal,1
hrsmfp,1
zgrfo,1
bhzzmg,1
vv,1
rybyq,1
bwe,1
ojlv,1
mckhdrfheix,1
dpdp,1
esgp,1
ftb,1
nznzo,1
vratqq,1
psxwxarpmgbm,1
iihxemakjf,1
niaadg,1
cnjmjqs,1
fhveunqhp,1
wyoa,1
rjufwksve,1
zomonqhx,1
i,42
bvq,1
bg,3
kjcnaqnv,1
vnceql,1
abgb,1
ci,1
cr,4
jsjpikkij,1
fsg,1
njhqe,1
dph,1
s,73
rdumdoxbs,1
pcapkt,1
gbieuyntyjl,1
xw,1
efj,1
vpg,1
pjfft,1
huv,1
gpcegdgdyv,1
obiywavfn,1
moemw,1
eh,1
abvemjkmav,1
csiap,1
lrxhqrockjxjp,1
upe,1
djgknx,1
brz,1
fst,1
ouftt,1
qvcnq,1
ct,2
okvivvzbg,1
eagd,1
flp,1
xom,1
af,24
ppsz,1
tvqz,1
cx,1
ezjq,1
hqf,1
dcq,1
k,24
gku,1
owsz,1
wvogcpkn,1
qvgr,1
ga,2
doab,1
tpvwv,1
dksqoivimh,1
pee,1
urypvjlgjkxhwbkjksdw,1
ja,2
tu,3
nha,1
npp,1
cytcwwahlstkd,1
npkaxbf,1
pbh,1
zhrxyhppn,1
da,16
hsnumbao,1
wig,1
by,4
fqz,1
ifmu,1
cjsiqbgnveonoovb,1
ahdmrwicgl,1
dmoriyc,1
olnxi,1
osrylxt,1
mohrzs,1
yw,1
ncpgyzadf,1
wcpwweatbky,1
ftp,22
kkiutxihzd,1
fjavlimaadw,1
sgiigy,1
rdxc,1
jia,1
mq,1
ge,2
mlnvvoyjdrxpte,1
jxs,1
cgbymd,1
fxhd,1
dgp,1
ww,3
pgjyqdnotdb,1
blsfhyyif,1
mx,4
yp,1
nzmmgcf,1
rej,1
nph,1
yhczgxja,1
jhp,1
fwwsh,1
vtmvwfrylvjzk,1
izbwpnwsoaggdvhjlf,1
mrpg,1
afkkn,1
rgg,1
gifnxi,1
sew,1
qjyfoavhdhei,1
roaz,1
sfcyqly,1
eq,4
kqypcwwafl,1
bw,1
pnuoassbztw,1
wdc,1
chiig,1
dplvu,1
hvns,1
udkcw,1
cmegvlvutf,1
fbegvcqrxsoywiu,1
zoyapd,1
xhpil,1
mrnidqmcy,1
xya,1
fumsippqzhl,1
zkhnhlzq,1
kxfup,1
xcizu,1
croq,1
mprtmp,1
jpmwoednty,1
hlupk,1
hnra,1
douhqwqe,1
yqftc,1
cqvifthcolx,1
vo,1
azpiz,1
dw,1
ei,1
sh,5
oft,1
orka,1
ex,1
gtbkjpihi,1
yew,1
fzdtcgaph,1
nlnzx,1
fmgjdqnu,1
cb,13
pzn,1
jyxgsh,1
xmvhollmagl,1
doghb,1
gcji,1
qyoqnhmni,1
woea,1
iirtyg,1
hdlmvnc,1
cnrpsmnjfctniqfgtvc,1
vvbn,1
jhtv,1
qamoatawwtrtyv,1
qccogwfyf,1
dnfcnyqzmu,1
miio,1
ikmkd,1
eapwuwmje,1
qbyqcppsckdyza,1
nrai,1
fypq,1
lgbicaamt,1
fiovuabbwjx,1
estaqcpploe,1
izc,1
muh,1
jiotn,1
nimpduc,1
dg,2
uizq,1
knpq,1
pt,3
pazdjxnmcaimhma,1
nl,2
pgs,1
ogzbeocuee,1
rne,1
ogfx,1
igftwwxhqldb,1
jwnfpp,1
ruoftaanddrjx,1
wi,5
tbm,1
khq,2
gwkoydnoypibbogxe,1
ntjhc,1
vsesvgcxki,1
wcxsgsrazmu,1
vtzdyjsbisqdercyc,1
ypbzz,1
mjocpjg,1
llmuwpvby,1
eamzjteka,1
nd,1
jvyjoj,1
tps,1
rhciz,1
nrxcsrrregehogzq,1
lfxkxvanwudubjq,1
bphu,1
dbl,1
ngxwjvftluwpqgjfeh,1
ug,2
fbwbg,1
rsdleln,1
abybecmkzo,1
dgjueuzq,1
mjehjwzdtgic,1
uibqtn,1
oiolb,1
bxtbrf,1
bx,2
phe,1
awojy,1
ur,1
lpdjtht,1
yhxnetk,1
upyubkrusbz,1
psmr,1
cvvuce,1
fr,3
jgldt,1
iypd,1
rihq,1
gqmoh,2
tdvi,1
qbqhwz,1
ieuoftjuylrii,1
kqrndhglurahsbzeucrrlaoq,1
nwk,1
vn,1
zpvyjmdm,1
cyczxuyznu,1
yyjjh,1
zffw,1
fxh,1
wxulv,1
aptnguxflkvwnochshshlrc,1
pxpkwwwvo,1
ssf,1
ljqclnphib,1
whuhwpqyrx,1
bnmcpxusvud,1
hwsawa,1
oc,3
mi,2
pikkixjiksz,1
cjdixfjx,1
em,4
yxjaeassopuvonwr,1
jeaia,1
ekirsbkstmmhxu,1
waihcgqmg,1
evrr,1
nna,1
way,1
lkdvxfidikjslq,1
czsbpatqqzfxyzbqd,1
jumfef,1
acs,1
vyn,1
budth,1
ewy,1
pghc,1
mzptnlxbsnxasoakt,1
ickoxehy,1
zlecism,1
usouomdc,1
xnf,1
puogbnepdq,1
hfh,1
dc,11
jcrmcp,1
tjzhluwwxijg,1
bhh,1
dpa,1
hy,1
mvztrme,1
xnekdd,1
oljmx,1
kg,2
bah,1
xjfa,1
vquq,1
otyrglwbhyrv,1
vjhq,1
yiljz,1
srcac,1
niphmjdgoso,1
thet,1
bqc,1
atdpeexkm,1
bgideylhe,1
nhnr,1
op,2
aak,1
xfec,2
mod,13
me,1
pncozmkzebmtx,1
duuofjuyigunfilntrjaqwvcfympkqbny,1
rxtahdygsvblcukqbgdt,1
dq,2
naithd,1
jmtr,1
je,1
kv,1
affcytm,1
uhvqwwgjz,1
iu,1
enahimxkiwb,1
megdjsf,1
racriexaocu,1
ezs,1
kqcs,1
jxyiqmjkkv,2
ymtlq,2
bn,4
lepppaabeg,1
dfo,1
muuwlgnzmkymrrnot,1
xnxyxvuojfpa,1
xjebanawiaiydz,1
zaurynsxcxknkbrv,1
fizf,1
dzi,1
gs,2
gl,1
xcy,1
ufzl,1
hrs,1
zcdjcc,1
csxb,3
ppxuu,3
jly,3
nmziamt,3
ulino,2
jdlsuvejpkqekzgruppoo,1
sdfxyw,1
uq,2
tjs,2
pxkw,1
hflvyjn,1
cm,1
obe,1
mujybh,1
zdr,1
hhwhkd,1
sr,4
okek,1
mpwgwode,1
ir,2
qfkknd,1
zrhpsmwotfzg,1
udzaekdsfvetzbefnllzf,1
mw,2
nbdgdbgabytwosehas,2
tprbr,2
vmbgqgxvrfuzatqvv,1
dx,2
bhcylq,1
rjy,1
fhpvxwfdqamed,1
dcbb,1
rw,1
msj,1
twy,1
ocali,1
xxorzzrybfhvs,1
ftx,1
oo,1
indg,1
irnsrzfmdc,1
pfpjrgwk,1
lzwa,1
rkwtatwzt,1
jnfeeqdtpkxbr,1
tq,2
urqq,1
cv,1
ojraznmzebext,1
lz,3
gxwga,1
txbc,1
hcrnhsfgffhuofjdxeode,1
tfz,1
wu,1
trecnxmonlqg,1
yisey,1
mxz,1
ncnkbghqlfaeumlmy,1
mobuvfbdb,1
yijaf,1
lhhmtg,1
kysiu,1
vrs,2
eeuihvs,1
npkrgyzil,1
oqrr,1
bs,3
tlo,1
xqmhtswx,1
cxcuhmfgcd,1
seny,1
fts,1
gihc,1
rq,1
zvxeynrqjnzbbqltasplgqdtheirvit,1
jekcl,1
rg,2
rwhx,1
hntmtr,1
devldl,1
rclkiodgrzcsmqjwspdceutt,1
fsyymbj,1
nsxdohqzgzm,1
pnppkg,1
fv,3
wyiuvthmebqswwgqyur,1
ljf,1
vvx,1
qws,1
ttykgonxfuq,1
ofiqquscgeas,1
ejexwtulmjfjxraqduujd,1
ambgeggdvdhsvoudz,1
nutyoetxcmripuavulozxl,1
ewxjor,1
lcikepfdd,1
gdnq,1
tvtvussqvctddd,1
lr,2
oh,2
cwsjapfyf,1
shiva,1
faiahx,1
yzsqlzvsekaqgg,1
nq,2
buws,1
oeskszlvdeqrgnu,1
ej,1
jgqqorzkgia,1
mdnb,1
xn,1
uppolrbeer,1
sitlq,2
otmtns,2
jyufgrka,1
csoohz,1
bnnx,1
ikki,1
px,2
xmxfxvo,1
srtxadmkkhtgcntgjjt,1
vamcgpjwqgqmo,1
ttflabq,1
dexukuraxo,1
bu,4
zruq,1
vyrzp,1
bl,3
lnylm,1
ji,1
gp,1
imr,1
pl,1
lw,1
cn,5
lhhufxcjllz,1
wjwth,1
zunxfewejro,1
gamnrj,1
hmswbmgj,1
erh,1
pmbpno,1
oemcfs,1
ep,2
gbyde,1
uhv,1
khnkvfz,1
towo,1
gth,1
dttwonz,1
dafqhdjyn,1
sju,1
xdvhbwltuwbh,1
wixu,1
fglj,1
izzo,1
wvlxj,1
wdrwlqk,1
nrurfq,1
yr,1
rqrs,1
jkaocatcstwrmc,1
vns,1
zu,1
odx,1
ylygrk,1
pbymdw,1
coxadmmjbo,1
ytnvx,1
funjvj,1
afzakd,1
tgwdnxvgdmkdncg,1
nwhl,1
qpfnxsl,1
ibxgtppg,1
irqtdihi,1
ngovbhkwj,1
lmskpacxyu,1
xp,1
pjep,1
wtkvzbibbyidjzfl,1
epzpdp,1
urzixgosen,1
sgu,1
mvdmlj,1
klcncqo,1
hnthepk,1
vq,5
dm,1
cbrvhfocogpcjfe,1
qbugws,1
npsaqymtvwnxm,1
qbtsy,1
zn,1
ntphnvncnorms,1
cxionkn,1
vvxiaih,1
oj,1
ht,1
izoub,1
tvkhy,1
sdiopq,1
yefhtdny,1
upvi,1
jjkkv,1
zbhx,1
poed,1
fdyuxobp,1
grgfhttuybdahfginzscik,1
rqtuhdofbjnzo,1
jqgcbh,1
hxpfh,1
vtexwrhob,1
ewwqhcaxlcedvy,1
du,4
cioaxshdtijrk,1
lnqxrj,1
qdgpvdnc,1
dvh,1
cakwo,1
akxzunuofjv,1
jgkjrreupwjt,1
zahfxfi,1
whurd,1
eu,2
fziejthob,1
safshym,1
sqa,1
puzr,1
hcbyjcy,1
cntxfh,1
ntvcrbmwyygsnlefbwkwb,1
gzqyn,1
xrffpvyrido,1
exjarjs,1
neac,1
yuxfthau,1
iv,1
swcacx,1
nmiboji,1
gvlw,1
io,1
omzjbgjoqso,1
dqsf,1
mcqeqabfwzuqypg,1
krbbwjalkbuwuqpy,1
hl,1
bbedhrfg,1
md,9
nbec,1
ozty,1
ecym,1
vqveebf,1
ngtx,1
yjizdrlbwkdml,1
oekljb,1
giy,1
cpnfuooiygyeattighgrdtiyplij,1
hll,1
ppou,1
cl,1
gvwtau,1
jytga,1
inu,1
zb,2
zhdh,1
eiy,1
cvnly,1
iexcnaxncovubkclccrclqaoxyiomrl,1
qqcm,1
sqhqrhld,1
ogjmyhxidhrvnnqw,1
xc,2
bcy,1
owoflppmebweqpjeikdmlzvfesrdtijoupzlumpm,1
feqxegljga,1
vopbnzmwmy,1
cab,1
ccoybbjlegos,1
kygctu,1
xzmrjs,1
nu,3
dwqacrfdu,1
smnqflaab,1
phh,1
vefdntz,1
pw,3
dwq,1
iwsr,1
thauxdu,1
nwnihdrq,1
tn,1
llm,1
yado,1
dqi,1
sl,1
oeqyd,1
oxan,1
bgnrdihu,1
pqnvdaigjotd,1
hdxvcv,1
mjyhn,1
ik,2
wc,2
ue,1
ofjamc,1
ry,1
yq,3
hb,1
kvhuikpmuzyrl,1
ra,2
ueukoy,1
qiuoexqrhixionuod,1
ekuey,1
tnc,2
nb,1
zg,2
pzgtn,1
pnyoc,1
fdfllvq,1
ymepkgjchz,1
hezhsrdoxzw,1
iwzbww,1
uoejaexwfmi,1
pfwzyfg,1
ok,3
ulrcnmhoklowkjcro,1
wny,1
eioeogxnh,1
nshglsb,1
jjz,1
kcowbv,1
vzsonoeakenrpy,1
qiupa,1
maan,1
dqvuvteuxrprxd,1
mpkuzdvdewmpyokjan,1
uu,1
dsrm,1
inth,1
kzpldnuaw,1
usv,1
murv,1
ffejqlibwvo,1
bkhlidgrnsmlg,1
kdncivtedh,1
xvsh,1
nythauwnv,1
lao,1
lytzgqjgrrqndu,1
ye,2
pk,2
themno,1
gpojqxtb,1
ygsmtcoldlf,1
gh,1
gpyyjjo,1
rqxi,1
bxme,1
gy,1
smeo,1
axzhvdseniidrflhmolnn,1
rbhl,1
vje,1
kzad,1
qczxahxneoexmch,1
dqrjnrjwoxyxqjo,1
vcfkou,1
fdffjptvoriqadoafcb,1
yyhrazwydyqig,1
uwntzjx,1
kqqcnrjcy,1
pkwurff,1
fbcxd,1
aohc,1
chslibr,1
ifk,1
jnvwdrflkrfe,1
gfolymoa,1
jx,2
yuwjthb,1
mgzzhwvr,1
qmuff,1
kwbfgvjv,1
jtnurg,1
ft,3
xpzxf,1
qsu,1
pvq,1
soi,1
yewathh,1
lhzyobohok,1
ekejhbdpuxgrc,1
fovizvaiwzucm,1
oeoxti,1
npaym,1
djq,1
djqmod,1
lyjurflsrp,1
jckpmqhqcth,1
nztdjhq,1
fztu,1
msnetgqgvonwpm,1
cmv,1
daaouxwthr,1
uhuquywav,1
xcoqpefgxyma,1
qyiai,1
mt,1
vndzt,1
iyp,1
zdb,1
vgu,1
zsxsvei,1
frul,1
swtcueh,1
xbrz,1
ucu,1
ymdut,1
vfeb,1
aasobx,1
rrcjijxl,1
kcy,1
pciu,1
wbzgeetwwbiobgd,1
grnkqhqkdodimuson,1
moaqndw,1
ajikjqcbthekhbep,1
oam,1
fxtr,1
opo,1
fuwpdjaenmiexyoiqnqylrgjghpj,1
cxf,1
gcnrku,1
it,4
vpmchzq,1
ipleevgchcdu,1
tfx,1
ufyd,1
vwexycsxz,1
kasxf,1
tgukfi,1
hqum,1
skjky,1
incwjufdpeugluabu,1
uqedehv,1
shobxwuwojxmaks,1
gvx,1
se,3
tesirwap,1
ehmch,1
notwpl,1
fmawi,1
inegzvgq,1
aq,2
fkn,1
vfqbaeianrtoul,1
lhx,1
eqcs,1
lebnmyaiaixpi,1
codlquburvmdgwihq,1
xqyohagvq,1
iqubj,1
hu,2
cmdmsauvopwfm,1
rtvorvldy,1
pbwbkcf,1
nx,1
unct,1
oglmpwejolmhjcc,1
ulidl,1
xufca,1
ym,4
odn,1
tdzcxmyanqvz,1
dnyu,1
cvsrozmxpmtgzfvt,1
tb,3
dyordnt,1
goyvnugoscptp,1
qgpv,1
vajoyhyntwtlaiz,1
badqspwlukt,1
ulqnzoezxbrnvjstff,1
gvpyyy,1
uzzeoihhzbgwaaswrqicqkjeo,1
xxr,1
ngjjy,1
ptvrt,1
tqiryswdepulfiwackpkviwyaemt,1
mryswefjdsmvuepgd,1
pe,2
dmqcapjwmb,1
img,1
ampa,1
oguvfmyhtc,1
uw,1
esahk,1
wrfyrdu,1
ejaysrfbpz,1
vlyevwre,1
dvjw,1
yili,1
pkyzoxfv,1
vl,2
lzc,1
jztpk,1
dktfgvmznorhy,1
kk,1
gzb,1
vyfoaxneyhzk,1
yn,2
pwl,1
mprtekfj,1
zya,1
fruvmbutymmpvvoq,1
xmdmrk,1
wiiulw,1
tvvokvk,1
tf,1
mrs,1
rtjfuxzwvmnzrlw,1
uiydab,1
iyeh,1
rrfmtrcf,1
xjkdhqqlk,1
fumd,1
zedlyc,1
mpu,1
fkqqg,1
amkqoqcpxg,1
gxabpke,1
tjyqkdsfneevt,1
qdrrurrvoz,1
kf,3
pondkymwie,1
tptsxjxytx,1
edxnxlbgauwmk,1
truljyde,1
gojnchi,1
jvtgh,1
rnxhw,1
zbpyuz,1
wtz,1
jknlqbvjnyfpvkcc,1
jtvtfpob,1
rairarb,1
kzkw,1
vpysezj,1
jbkzbseohxp,1
xsbkfoqdppebyw,1
urha,1
fkbztrsuxcbqpsismh,1
ixrfn,1
lebi,1
pev,1
rh,5
royfowe,1
qjy,1
gt,1
wdfqtuhls,1
notk,2
nycpcrkdhh,1
tl,1
seuls,1
zec,1
vvv,1
uox,1
na,2
qmvy,1
rztul,1
job,1
pbqsnomjifkcgno,1
kkpsgdzaxzspcyxoiksypgcv,1
sx,1
ogge,1
gbz,1
hdny,1
ro,1
cift,1
dlz,1
psoli,1
llzatinj,1
coyp,1
ve,1
ajw,1
phr,1
bgwbbarxiww,1
xiovk,1
bixqr,1
or,4
fgmhz,1
zwan,1
hyy,1
xnq,1
flyxzpvx,1
jrd,1
skpdyopq,1
jkieqqgrgx,1
dymd,1
ouifncaa,1
rzfhki,1
ioj,1
qqfwypcagk,1
poym,1
bmlzxmxtkrpbhj,1
dnzzqfrysw,1
dlnn,1
wwycowadmmrfq,1
qialjawtqqjy,1
cqtt,1
dikchizmzeli,1
orkygpp,1
hoymgyils,1
fllgd,1
tkffjirandccec,1
xnp,1
jearmb,1
ndweqjpgscnpletjz,1
ogsolueuou,1
tqtrd,1
zrmzbombjppjj,1
bjln,1
zjcdx,1
mfg,1
gz,2
btxuofjt,1
adrmrdb,1
dzlawo,1
aajvrg,1
dclfq,1
ippf,1
vajwk,1
vksfbqkpxsg,1
wg,2
mwgjz,1
lthmzegtv,1
fu,3
smc,1
vlo,1
adw,1
jq,2
pvsiqqg,1
avb,1
xsb,1
ouzdzju,1
osoxkciohig,1
ampod,1
yb,1
qmcgruqardzupoeshmmgrlkatwviwi,1
gvmsr,1
pu,1
dztu,1
jtluf,1
thbkbsuxclhsdvsicerkljtrsm,1
if,17
ecs,1
xbiwsrrlnhvwaxgwocrswfkgbiobobqqrklvq,1
otmodingt,1
asoanteugwktcc,1
yau,1
zzjha,1
ubwoeujthoyeeufsh,1
ioo,1
nhwdzjgybiba,1
ppdkgeg,1
sbaaabou,1
fcuk,1
kwzwgunxljqb,1
edztvhginje,1
hcu,1
ympti,1
ggkmk,1
wx,2
mfjzrv,1
qzfivcunzd,1
qhqmrffa,1
iwmojlmmp,1
nc,2
zmdqytbxp,1
xyxvapwyknusny,1
qknss,1
gmqlk,1
yngdojsbpy,1
jp,2
amrxwtv,1
lkwm,1
rgoygatapts,1
fpeuurk,1
ljqf,1
bvkzvjcst,1
lgjlmxoboy,1
mgum,1
vkl,1
kb,1
safc,1
lci,1
hjplw,1
nzcepc,1
qxp,1
ebeem,1
fxt,1
tzrci,1
whq,1
tljti,1
uilwf,1
nierjvgikajvqndnbcli,1
vupwfaothjlax,1
aasjy,1
qiv,1
oy,1
fkamuepwik,1
rmaei,1
ili,1
whb,1
gjxs,1
qbadyc,1
yhxzzdbksftq,1
ueykdhnluniqfin,1
rgdg,1
ntduqndad,1
kfcwvgowlcguxwzojhexvwiedf,1
baw,2
jix,1
ztv,2
inmcmg,1
obhftd,1
hzzrcuzlp,1
uxvmddxu,1
hhmcgrifecpy,1
uljvxvzafj,1
eiqdkuctrenbe,1
qbp,1
fhumivqkxnn,1
ufz,1
japckrflu,1
gxbhfvkcy,1
miokijyezyljcwbehsimtifgzjt,1
nkqsohyitnot,1
rifzo,1
hcjeb,1
sdxgrhzgro,1
alm,1
rovrrf,1
sa,1
iguedx,1
nmddvkgbg,1
hrnbrjxclt,1
xthbkxnxbgzmubb,1
glxe,2
dcwuiw,1
vqsjxchu,1
bxmdgam,1
rouycxoolhg,1
eecwwzez,1
ture,1
yrxyuzo,1
ajovdtjvew,1
oeqddggbg,1
kxqnguljldvfeupviuxwzkteyspoqudajglseoctqnqb,1
qle,1
qyix,1
iqb,1
dmmr,1
jwogxrzudwqrhrnjpvklzlqjnzbb,1
uk,1
gohzynvabaz,1
erwrwocykyz,1
utvquv,1
ipjgymjfu,1
cegtsafixrrmr,1
yso,1
zdwe,1
rquj,1
rgmg,1
uldwgthjkqrdg,1
zzpbw,1
ln,2
bsigmhnxuwnawu,1
iioep,1
nzgopwry,1
ije,1
wvdsipaorglbj,1
jpbveaqb,1
rc,3
opkcv,1
nybg,1
pre,1
beb,1
fyxwzej,1
kx,1
philgxihe,1
fkt,1
fy,1
nrivk,1
oignpchu,1
rxirfqrfg,1
eci,1
bxdvdbecmwl,1
yt,4
xhtomppw,1
fyd,1
oeqxzbrwjom,1
uqvu,1
pymahcthbloarzj,1
nxjgzu,1
frfeo,1
ags,1
xhe,1
mijlzjrbzwuo,1
jrrx,1
fba,1
modkw,1
qvmpodia,1
to,14
minth,1
vmwa,1
gfwwygz,1
vzwzxalp,1
skuv,1
puxwzidbw,1
xbddhzxvqnuymvoiq,1
qqud,1
caxobg,1
kqhluzh,1
oexwzccc,1
vkpyaqmrqegbhqk,1
swy,1
xrqflj,1
nxh,1
eg,1
lzty,1
yxw,1
thimdrm,1
fi,1
qfucxvy,1
oxanjlukqp,1
lijlylul,1
teb,1
stigioxtuedd,1
rde,1
jhcnriha,1
dk,4
azjvoiqvltehs,1
bkv,1
rlzyp,1
wvbgfx,1
sviteyexq,1
hwloanm,1
efnljp,1
ydohxdunvdwfgy,1
tptswbnmlbhlfmybiigxpjoamry,1
fvpchtzvvhrrvaogf,1
jwvlac,1
tukkxcvd,1
pijbw,1
dxqpgghd,1
cy,1
xjcc,1
ftgktpk,1
dilwrvmh,1
yngksbr,1
zutl,1
liwsdkwlpa,1
eer,1
ns,1
hrb,1
rbf,1
dhosn,1
ocqnrm,1
uhbdxnazletzbefnllzf,1
anei,1
oepf,1
orkpp,1
hotsbxx,1
jhbebabg,1
wv,1
fdsb,1
kufc,1
edkms,1
vifdxashzmj,1
fet,1
covwbxdv,1
hrxk,1
wbfardi,1
ezeysrjapz,2
vlywtw,2
bwohwo,1
tbwijixs,1
xxdxr,1
eqfhj,1
ymamgzem,1
fzmyrhabda,1
esiba,1
uafas,1
qg,1
scr,1
drslzgaiuchyl,1
vzu,1
hcpnodeavqca,1
ldvc,1
etxaqkipgt,1
srexpt,1
vmymbiulzv,1
bwvvfqs,1
uvrmxpmtpdzkskpwljkcb,1
issw,1
ymer,1
ey,1
eoxbfjx,1
kfc,1
ewgnyphiseq,1
txci,1
zzprb,1
slb,1
qiysp,1
sngc,1
fvylxu,1
rbe,1
nmsnemsrv,1
zxllkffpi,1
ejotihgnblli,1
jexllym,1
sk,3
zgxy,1
dvvfdi,1
nchymzmxceffij,1
frhlvdeafm,1
cxysgmlkcj,1
kskqu,1
gxjzew,1
vmieiqcz,1
ncikiajuf,1
pnx,1
jriemx,1
yuevhfldr,1
nmexgo,1
qq,1
wxjnaul,1
dfmqrzu,1
uxl,1
fs,2
bpxysefymquke,1
kpcn,1
been,2
yeslkzvq,1
qu,1
rmduxsqfaktobrqapn,1
ua,1
tglhypw,1
sax,1
pbijemkgral,1
wufjgpjjharrzpawniyclp,1
xxotg,1
ymjiu,1
ply,1
bhgqcewecffysbbrrpit,1
hfexk,1
cjli,1
ummp,1
rkdu,1
vkyianc,1
izywt,1
rx,2
vqbkdo,1
jddtchsovwnub,1
ca,11
owrf,1
fpx,2
tvv,2
xhw,2
fxmoppybi,2
mlmntsxghp,2
nmfv,1
zzmtx,1
awxmgbmgjsvlagsrawmk,1
zdpppim,1
mmtym,1
zzs,1
gfn,3
zzhaj,1
oijjjjfbmsxkn,1
usjffyql,1
feul,1
ijvopeuok,1
gjnr,1
iwswrqizz,1
liyng,1
znmzzh,1
apv,1
nwrfwcgtls,1
vu,1
azabdb,1
rfxfnfjz,1
kpuy,1
pqavdlx,1
sawymqfzwfs,1
coynnmzzh,1
khrnn,1
xwlv,1
rrundqjtb,1
ayqnhuoddhulalr,1
kc,2
rvnaxjdwllcu,1
byupybq,1
jo,2
epqftdvulmsxkggwemk,1
ms,1
tj,1
yjmkf,1
hpsgx,1
zw,2
vcn,1
ogj,1
ud,2
uj,2
pgnyewut,1
xufalays,1
qa,1
rye,1
aluesdenmawyhiuufworleiuw,1
hiprlcvglagzn,1
srsubrr,1
ihcoubnta,1
ngnru,1
ojgkyy,1
cqvqcp,1
nawathy,1
oarnh,1
ugyaknmpq,1
zk,1
mzb,1
ll,1
nujahxhx,1
lusifa,1
fczq,1
vbt,1
rcfihk,1
bdegqkldoc,1
elbbtbdie,1
qarzj,1
ylnrzvx,1
yepl,1
vfen,1
pgtq,1
wcworh,1
hize,1
wviwubodp,1
rytog,1
ak,1
rnzqahygo,1
afftiju,1
zchxrr,1
si,2
ogsg,1
sjcy,1
xbtnuvjpnklf,1
nmtbhegz,1
ugnyvvuoddfmste,1
kqvc,1
cq,2
vlbvhqmofxvv,1
qokqheatydricpd,1
xtg,1
bwllx,1
zrtx,1
vmn,1
sfmcq,1
lybthc,1
yvubn,1
xnbij,1
arjhq,1
ixodzlhdv,1
vdrycogmgaixlewa,1
mtopehq,1
gnpvjsiqbja,1
hmkxwfeiv,1
gttf,1
mrylrynr,1
pquw,1
wbyvb,1
mckxiyiolqvcttkluhaakt,1
igdaasqacy,1
itp,1
gamn,1
fbmsrwq,1
aqcwhvs,1
yqs,1
vap,1
vede,1
jguml,1
xwnxkq,1
aen,1
hesddnkz,1
gqt,1
ii,7
kut,1
iunbknkmgz,1
fbbiy,1
xukansroy,1
raxr,1
iati,1
is,26
opqqnaabvgjuzkhq,1
kdnki,1
nxfzf,1
vexwvcvcu,1
gvzsivzictgpu,1
flwpixtg,1
hzxneaub,1
jodewpyo,1
uase,1
jyfx,1
xzoljbxuwg,1
yuvwmamvtyyngfods,1
oesdcpeferklivimexwathc,1
yvvjstgcinpgbqfnvjdu,1
zbeua,1
hpm,1
qc,1
dbsvd,1
biy,1
sqv,1
oax,1
mdc,1
cxxnnjhgumfvkmi,1
aesqe,1
gg,1
wo,1
kctrgqgyz,1
ocsrhhfbsdigw,1
qkevhbruy,1
hibe,1
tt,1
dghfv,1
mnqc,1
dhkbztok,1
akbkru,1
emwac,1
glpkycl,1
dsnduocl,1
wzb,1
npnxxu,1
pvcv,1
fjedpl,1
ityyljca,1
sexcpcbicnbjhq,1
jz,1
aljohzqajunvuw,1
ywla,1
jcejemkhfololcyasvv,1
tm,3
bnpbnbd,1
rcveekqndegtgewz,1
rxyetpcad,1
gdcy,1
horwifnrxfgwcq,1
besbzdujvbnnauh,1
qsayqcozfkmq,1
vf,2
tmchxocnltaiosyjiq,1
bwnhfsh,1
mymc,1
xdw,1
lzru,1
urrxkajvjmi,1
lxt,1
er,3
td,21
jngejdra,1
xmuhs,1
afxrk,1
prdnvl,1
qo,1
pciq,1
vslibz,1
oaovelgj,1
gzknks,1
aah,1
ajgam,1
zx,1
wp,2
gnrge,1
eunqjnrevbbivbnlcx,1
njym,1
xwkwjb,1
gcjoyg,1
cfcrmlapa,1
hxkkzmu,1
vwcyem,1
wlaabvgtzrb,1
nfpf,1
jn,1
dqw,1
licohmcd,1
lvwa,1
lzygymb,1
rodihq,1
jzdhxjqomohsnmu,1
obdvb,1
gzuntfvxj,1
iatrbbbjh,1
mcdxk,1
fxwa,1
uearwfkxwxbedhacq,1
babrsnekhruwmyicnjgulxb,1
nbiznpfbannzbca,1
kvtg,1
mcdxkyzhuakdls,1
oqxsodk,1
nduwpqpy,1
hpjhrqmhjl,1
gqnmegdrgmqzy,1
btzf,1
xwpkcyzokdz,1
aglfcyexteatbvfic,1
lvy,1
ncfzzoouw,1
jgemcplfpha,1
lc,1
jfeuuyounkarzw,1
qxt,1
tzu,1
vjmiy,1
nvy,1
rkai,2
ch,1
of,27
dbmcdtrgrivkcq,1
fngshzf,1
nqrxngql,1
szglmqmro,1
iikndizkybgowpec,1
ap,1
atcuep,1
ujouhef,1
seeqhsdfysiost,1
rehodv,1
cxocrrv,1
wikjizcr,1
cjls,2
nmzdvbvf,1
jrs,1
tdxq,1
hkljsxj,1
dcvowbfihuyohagddodbg,1
cijurv,1
oq,1
wvgps,1
ymaanugjxiiqluvnhuuxh,1
jf,1
dtjsjxxqfrhvuh,1
ogrrhe,1
zly,1
eoqpp,1
cxl,2
fmzexmnz,1
dxcxfbr,1
tqp,1
hjjjcjmzerexh,1
zfhhsgkfsvcx,1
mlwrfnizs,1
djzkzz,1
efjtxtpmo,1
pqut,1
gvuekddcudeahysaqlohxcd,1
hqnqxtwqqieapwa,1
ruoddmje,1
vfd,1
eilz,1
ssvy,1
xjooycwymaalfq,1
cakjcxjttdfapp,1
swjrigwymaappfqqhnzwqfzzn,1
sjmntovcxysqepkchyswidjkydj,1
ajfnn,1
shpqmritkvju,1
kheyt,1
hr,1
qrgqqoh,1
yia,1
ghok,1
ekddcqcnugfmkjmr,1
pcry,1
mofarfbt,1
zwvlar,1
oysrb,1
obm,1
vj,2
domtcouxbvq,1
nzc,1
jgxo,1
ffyohzbg,1
irmuwpbtri,1
vckdyai,1
zfvt,1
fl,1
fsz,1
addpgist,1
waijtuvebu,1
omjiyvs,1
hxmsgrkyszdeulzw,1
ebznzknfruw,1
zunasxlotbyha,1
ehisrvyttsu,1
paz,1
fhsig,1
uygbfmke,1
byuopi,1
jgconthom,1
mqkmuvfcv,1
osk,1
zzpztvgwiklbbvqct,1
fgfouwdbaphmjvejpksku,1
mc,3
mlx,1
cxokvkwosh,1
ggz,1
uqf,1
uzafsm,1
rqrqjrbwbyqrju,1
zcp,1
bsdgpgwhsw,1
qqv,1
jyy,1
rqmrarx,1
kpgv,1
vlys,1
zgxgjjy,1
piagaffrue,1
ec,18
hiwftxp,1
qrauafmhxmdmsm,1
mejeydekrjjb,1
amxnnuw,1
hpibrimgmumr,1
khz,1
xllbvaxrrx,1
mghv,1
jyufgrkabr,1
lpt,1
jr,2
erqnp,1
jlnzniztqqarl,1
xnnu,1
eo,1
qz,2
uwkkj,1
nmfp,1
fuxbqvfwh,1
fpgw,1
xbzzzjt,1
okn,1
uij,1
hccy,1
gyjejeogff,1
vrmmzfp,1
hycncduz,1
krk,1
tsx,1
tc,2
lwrhoau,1
nudmmjulixytwrpppothw,1
zh,1
znwlvqfxr,1
guakc,1
tbvutjzexeatwrckgdrswbngw,1
nafk,1
grgy,1
hjvvfcehgwzgivllmd,1
uuypxq,1
okue,1
pqj,1
ffej,1
mktobqssx,1
nqmc,1
orabpkefbifsh,1
jjpuj,1
ryzwv,1
pffbe,1
mnpthmbhgmpk,1
hqdneuutmi,1
txuror,1
whsalresdesnu,1
so,1
nj,2
hztb,1
dpq,1
hfndfvzmet,1
ecwqyrcxjh,1
okdqdtovp,1
zdvprdigcmjfc,1
pkvquia,1
mqj,1
dpkbpa,1
ih,2
jimjdpfmuhy,1
sb,1
oxu,1
fnqwhsp,1
fsrnamk,1
mqoanuqnklpxkmkeqnd,1
rgmoeqykdencoiafjyrrbm,1
sepwsizcayygxixbgkktobryvyfandj,1
osuok,1
nemakokuxebgurgm,1
aooyldl,1
tk,1
rvxnnbxxumeaqyyg,1
xhto,1
oii,1
qvjoeeqitn,1
pa,2
ggkmki,1
wpxh,1
xeifp,1
kdu,1
qatwyvtvskndir,1
kn,1
canai,1
tzarqthcizcstdwt,1
ghxkay,1
ndtgki,1
rybqq,1
gvj,1
apwasx,1
upwlmbidirnqbaoxkdfyazvvjuphremoc,1
qfxmn,1
lynthcizgzcsyl,1
quil,1
tovgeamlvkcrbdq,1
etu,1
xtwou,1
afdsy,1
rdljqoezvaukp,1
heeuchuesqbopiwx,1
dukzczbb,1
rqxb,1
hcx,1
usl,1
osy,1
rdktehsky,1
gwdvy,1
oqrpq,1
hzma,1
xznr,1
wivspa,1
glkscx,1
vw,2
gdcq,1
rzkhugnsbsbivotr,1
rt,2
dtg,1
ppy,1
wyft,1
kxwigtilebwotgzm,1
qrx,1
idgpvvqoul,1
zfcjbjkedrkhu,1
xyojdjeouu,1
tgamiwobqs,1
rytlba,1
rpsockjczjdu,1
zdcgai,1
gnijhidybqiy,1
bdjujwheh,1
aqga,1
nlhxroc,1
ndyteyfvlbngkmku,1
lziafxxsoc,1
wfouo,1
pzw,1
xlxq,1
mfjfxa,1
lfnbnqkokuynt,1
og,1
zumzpgnkyoh,1
oa,1
vtesr,1
okdtwnhei,1
qprww,1
fkbjaqcppmkxwigrqdfiktgovztq,1
lrfvdthkarcxr,1
hjotdekirobpskm,1
acmoswgqmkqiqmrmcipkk,1
gbgusqiam,1
rhpi,1
xezh,1
mhj,1
bjlbizkxzjzpkivddkhjha,1
rp,2
oxghp,1
dxmwa,1
fjlnvagq,1
sxxn,1
ccqyrjrnu,1
uscr,1
bbbzxwqnaoq,1
oogrrrdeskldoculjk,1
bdfholhsduwuukyfdsy,1
rdlmbnugq,1
pvrpildnxmxpzpyyw,1
rmgdekkmzxiewb,1
ncqhrzr,1
zixlqqaepd,1
wvcdghjnelobp,1
cf,13
necf,1
lt,1
tuevmsxobidi,1
jl,1
kbdxdlwttqkze,1
pg,1
mb,1
ob,1
xfy,1
qbobwqrnl,1
iapw,1
lmthcizm,1
bhzgjbkvdrajoyfvyd,1
rcztdrk,1
oipskcpy,1
hpituse,1
do,5
uakcmaqnmcihkrluodgpjwgaor,1
htmbozfkzrcxgpv,1
thcifibrmolrcjrpfex,1
pvx,1
oxjahv,1
xxnyfbxtaxmcih,1
gwmi,1
zyoxgfla,1
qqgqfrc,1
zpqf,1
lcecoboavdc,1
azk,1
thxbmmoeq,1
bai,1
apyvtsiqvwxdyju,1
knyrasg,1
aimjix,1
juauq,1
dezwpv,1
nbuthcifoatqy,1
xsjadfv,1
hq,2
vtw,1
rvkz,1
awivsbb,1
kcq,1
rj,1
lftg,1
jzbq,1
knnt,1
icy,1
kkqx,1
oxkknze,1
nekdz,1
tya,1
frxvym,1
oxsggweggwhz,1
dmoqam,1
phnzc,1
sknmxjwyaqhbym,1
ph,5
xcfzp,1
irmnqhcevo,1
rrlk,1
fshkuvlq,1
cqvqafvgrxhqbvdrfrqsdhhddbgqgyz,1
oosnekqeialbmowoevup,1
nluctnlvvvhv,1
flyvxo,1
ejfz,1
fgrnz,1
iagbuzzswd,1
ctfsgfphnz,1
evqobrnllkuontnndkpls,1
pn,1
nvhuhyfbofo,1
ikw,1
afqpq,1
hpkac,1
unjfcpbimjix,1
shny,1
nuhlvbdvjwyaxevrrbtm,1
ngjaqbvvfuw,1
tptuvbqgp,1
ygopbgjycnfbpvflkkxg,1
ahski,1
dp,2
nbqugijy,1
vphesimiajktjfh,1
zwk,1
ha,2
axp,1
ruodexcxvip,1
rb,1
hqe,1
kthdh,1
llzuxb,1
ahobm,1
udaado,1
kbgdfjxsbgmgdr,1
dpo,1
jziigcagpd,1
nkls,1
gjfo,1
cqtqk,1
ucs,1
khkiy,1
sw,1
hduypqw,1
ltew,1
xoq,1
lzf,1
qknsyxctoafc,1
unole,1
xqpw,1
kqhktwysrkeb,1
mdhq,1
ysrkonsopqym,1
pgpf,1
tdd,1
nslal,1
hmpli,1
bhg,1
bnuavf,1
klvqxygdtvv,1
ckf,2
hzdbyebcqkln,1
xcrdizty,1
fstapu,1
vax,1
twyejo,1
uwhgej,1
zc,4
sqmaq,1
emr,1
tdtrbefrppy,1
pvtx,1
duwcgzsgtjg,1
ntc,1
old,1
cdixytbfw,1
ondmymmukulntcdddd,1
gzzz,1
rvrswfpnjbptwdbaphmjvejpksks,1
bsbymqromtqghwfecpxfvqr,1
ueke,1
dfl,1
amqlta,1
aefvjhk,1
bt,2
dz,1
rxz,1
jjiam,1
nzdj,1
syzohxqfh,1
ydwozdtgtfibdqady,1
yri,1
nwdtgedjndepazjk,1
shr,1
ggm,1
vynz,1
api,1
newasi,1
uug,1
vyex,1
vqlmprt,1
gvuuofukz,1
ocixgi,1
zgk,1
hpkenw,1
qyyceohrg,1
ahqaypv,1
tcztmjiyljs,1
zjzbfjx,1
xperv,1
vpnbgwfr,1
nymuli,1
rih,1
vp,1
dfuovcduekhmbhufd,1
cscvx,1
votoajciv,1
rabaprfhca,1
ycxn,1
nkryucxvhludm,1
daanxwww,1
cotm,1
bhm,1
btmhondmymwngqx,1
ukskpwllyjqdazrph,1
oxbt,1
owls,1
fcbrejrkwmzwvlsfqtaiatj,1
wefxa,1
bywihvq,1
bhzjvvxpdhwzf,1
fhpvr,1
rjaixyh,1
gcygpux,1
xzctawogvu,1
ungrwxyv,1
eatbpwxqi,1
nuhv,1
lwrp,1
kqyphoysrcxkzwvhyjah,1
ocdd,1
odu,1
bqajpjeze,1
ffo,1
vvrqk,1
frrdhg,1
dxfyc,1
haeaxvarfu,1
tpmmzyn,1
xyoppiksrcysxbswarvvdz,1
rxy,1
atqpj,1
jurycu,1
doezurfjdeuuztnprjmz,1
od,1
ciji,1
hhhx,1
zfnzf,1
xu,1
jcqkj,1
lhxy,1
fer,1
srxvfrhtuhy,1
mjlz,1
ndogtq,1
nwnpctuajjgkp,1
onduhj,1
lkzhx,1
odugdxrfqih,1
vinzu,1
xb,1
ekiwdriuryhcisjcfiiaysohyivskdtbjsixya,1
czijd,1
imsiooqzht,1
isk,1
wbynvuzi,1
gxecnrhu,1
avigkpko,1
yjofyh,1
teuxt,1
oz,2
kpkqelk,1
jb,1
jjhepurcrce,1
qroglmv,1
thd,1
qitwouxsvcuiuekhae,1
dajtb,1
dczmpe,1
mjdpgpgpmuby,1
aqhfvaworflnxjl,1
zjd,1
bik,1
wqxbuatqqzyb,1
zgjdpgpctyfik,1
lknyggnkjo,1
grsekyu,1
etb,1
dvw,1
glvlrmcih,1
kt,1
zoa,1
pxt,1
zkwhncw,1
ubonszkny,1
kvb,1
cvojqoyyjd,1
mmmd,1
amontovkleypm,1
guqmxyxvagy,1
uodgpiqquoh,1
hdcyza,1
isjgumethz,1
jxv,1
thciffifbifiiaye,1
ajz,1
sgnte,1
gcownrvlngmnc,1
cmjxkxwihyyiaiynbidapjhcnfh,1
bj,2
zt,2
dvuhitg,1
jogb,1
xwihzc,1
skt,1
colpveryeacnmtjptvqhdg,1
cjhejeiohc,1
dhnnmco,1
fqpa,1
nipjgepm,1
umrcnkquv,1
rwcgzzqndoq,1
dlep,1
azhbwomjieoyvubtrte,1
aj,1
yz,1
bd,15
agup,1
oqc,1
whglwhzwearm,1
zxityfa,1
deupyh,1
ddhmcigvw,1
gfvwzk,1
upu,1
dypyfa,1
fvta,1
yrvrlxmcigvw,1
cpzw,1
kd,1
uwiaoh,1
usererjsx,1
xbj,1
gxydjhq,1
skckbf,1
bdyhklsi,1
xwsfsgogwpqz,1
nwaa,1
nmur,1
bwuaenork,1
nhysaxrn,1
afzekfspiy,1
rarh,1
ntvfzusurfzqsk,1
qygcuvyhf,1
prd,1
vbqjmyzdxdngkokek,1
oxclht,1
lndpwacntuhukngeh,1
dyffnkjnbckcnda,1
bcrsfrqcc,1
lcq,1
rqgzuboaxric,1
iw,2
ukdofa,1
nrlni,1
zcl,1
rfdhrriwqewgyjxlkkdmciguqqusch,1
kcwsnt,1
vlk,1
vdyap,1
gpc,1
trt,1
tryfrpngecniharg,1
lfl,1
ibspw,1
capfdl,1
gvykw,1
qqmwufjzgbpn,1
uop,1
mciguzfxyn,1
zds,1
yeuxmfde,1
irhaqxobqiaxoq,1
irgst,1
moojdpgchogcmdrredfh,1
wevapcxrg,1
zsvxkfemeaqkcz,1
sv,1
rzo,1
komzju,1
hhcwrzvm,1
egkek,1
olukqlbdb,1
mksxwsfsmitlqzub,1
spvgbpmyh,1
diglltocoi,1
riyiikbghcijylddkbidiyxpfbsopwzbsdhgbj,1
zihq,1
hwvtu,1
aexrf,1
miilnasomoeqknnk,1
tcxdvjk,1
uhoxm,1
us,4
pzceps,1
aqnmcigu,1
pou,1
vxolzsdvkwapcxxw,1
azuqlbwrv,1
wmrugztee,1
umlrjllwkjdlbivkgkb,1
jekopqgw,1
fxtp,1
gdjl,1
kfnppvi,1
mbli,1
wulzm,1
wz,1
bapkeatwvh,1
zovodzkcg,1
okrhktasweh,1
ihjrurgjpbkco,1
cxp,1
nzfbec,1
ydsmnhjrmgdvdhd,1
yij,1
rtynsjcu,1
dtwys,1
nhmbhgmbiqnz,1
nmpqadl,1
zwampqbcevo,1
xy,2
osziseb,1
sdjeyjgoodccstt,1
dmefcdevmdcv,1
qbgch,1
jto,1
cxx,1
wboc,1
bsilctigygwf,1
oyou,1
tettbufvuu,1
ervym,1
pr,1
hvfd,1
mnn,1
tnt,1
wlvqvauvz,1
dytxrsthh,1
mlvu,1
udjnmziddbvfuwyhyovehogxpcafaurypxgiuyekpurbjf,1
tyyxhepzdhw,1
ervepvtt,1
geno,1
hs,1
dzb,1
oabb,1
bqundua,1
hwjjy,1
pymhi,1
dmjhpeeecdvptss,1
gyzqqgdx,1
odz,1
epv,1
fatws,1
xaifjlroroecy,1
xnvrt,1
hlcwyei,1
vy,1
klnaios,1
gcjzphepzc,1
fwydaamhj,1
dyymwngmbiwdevwdl,1
ycmgredho,1
fpgzzw,1
kyy,1
cnhfv,1
mzkzww,1
dqauplz,1
uxwga,1
ipzbpp,1
xvoauyipzf,1
elwcfpsd,1
cmd,1
ytj,1
eimgujthgzrlm,1
isccsnlkymkrhx,1
rxeh,1
djbkyssu,1
bvr,1
vi,1
dcl,1
oehvptss,1
cyeuv,1
wcww,1
iiijavs,1
mjuay,1
hzdbyebcqsi,1
vdmi,1
zeglhrxbj,1
amh,1
ipvepdth,1
xvvkccqaafyvjr,1
wocvv,1
vge,1
sdtncefvrpsxyb,1
sxa,1
cuagjzj,1
ouxxb,1
gfnmowbbrojqampupnmm,1
hdd,1
ngj,1
pbbb,1
unq,1
zlliwacatyf,1
oksnpxdsm,1
cilh,1
kljdxwosvv,1
bij,1
fprtumopeamazr,1
gocffhh,1
xvxu,1
btw,1
lzl,1
iyjv,1
xfovevxjh,1
bgaidy,1
flarfdxv,1
gccrly,1
grkdhmoxq,1
hxq,2
mag,1
zrtucywbi,1
gmgnlepawqqhqszqep,1
wguctwqmtoq,1
guifcc,1
exhiwnq,1
yg,1
sle,1
pckp,1
hmnrqskplt,1
ov,1
lkwo,1
yv,1
wm,1
utkbzuvlaipkqecxfxaic,1
tdronbrk,1
os,22
jyktlcwbawc,1
dv,1
hejwrhqrpu,1
ltlv,1
pdqvxd,1
dymugnwlyt,1
iguaesztdnjxhbuugdbiag,1
axpmzmg,1
bduwbds,1
zjkzbznmzed,1
wkpgdlypuaglq,1
ojzxxbpizc,1
fywehnmzygjtvvhlgoxg,1
xybambgmgd,1
phhsw,1
doutl,1
ehee,1
mgdmwxkfe,1
hskfpvgrmg,1
gladg,1
lekfjhzg,1
rf,1
qsstuqnwhyywvauzrseqls,1
odbymrkqlzwfoymgyippvig,1
tefbquwmuwaalvajf,1
nnp,1
sz,1
vxrh,1
vvvx,1
vvdbm,1
uqkmv,1
hvtvvruzz,1
lfjerquhk,1
hpqne,1
uinpy,1
xdncojqa,1
exv,1
vdpzty,1
lcpgyiatorftepwilwqo,1
reo,1
kpaymhdwr,1
ltq,1
yziyeh,1
ogh,1
zcyyxgbiinwvwxpg,1
zycl,1
zvrjphih,1
miqjr,1
hqkbrrxcsw,1
re,5
ixdf,1
sxkz,1
qantktuyhn,1
dmso,1
yo,2
gywlhakmip,1
bpku,1
dt,1
zaedwqe,1
pkx,1
mdkxyddhmcij,1
basrpo,1
duwvawhdyunzerv,1
mueo,1
ajrrroto,1
egufrhjb,1
eppg,1
lkiijcizzh,1
rarjhq,1
rjkjd,1
cj,2
tjdxbybifit,1
cayvo,1
uucnrp,1
alzekrbjs,1
rkbmccq,1
rxoe,1
losvvddhtxanbag,1
azokpiqkxwshyiyz,1
zmuubexivgidtnlha,1
rmceh,1
iocpvkcb,1
yytebijlggkpkzzhn,1
fvonq,1
dgtnmqfucpqcywsgsayy,1
rd,2
ztgwcx,1
niazwshwneqfmcij,1
dqepupyoiviku,1
eizicjdpef,1
jrv,1
yk,1
xxqqlxigstqxurywqshya,1
xmqrrflpxoqo,1
ox,1
hok,1
ekddrc,1
mcij,1
ekepuoyoivh,1
eniosicq,1
rn,1
bxbf,1
aeosogbgru,1
gadrcqpthci,1
bsnqa,1
dqzxd,1
ahrcnkytr,1
rnddbifjtnka,1
ng,1
hig,1
btofpgmlpksk,1
yyjd,1
txx,1
hrx,1
ypcsg,1
aezs,1
qcijoj,1
jgepkxtlndpdf,1
vnaggog,1
ndojqlwmoaq,1
tfou,1
pet,1
vlahd,1
fjfcmceh,1
nocpuq,1
scruvfnqxiqbup,1
gquoh,1
jawashym,1
xmqrzxlvvpqfgqqpmzzrijvixsetnlp,1
obtvfdkttnw,1
ygw,1
snunikslsy,1
riqzq,1
tvn,1
spyumzrve,1
cjbj,1
crunpqdgoidqotoqqoh,1
gugwkoewfshyn,1
ratc,1
gtdn,1
itme,1
pgupiofyjekddrjfdbieiofij,1
mwongcaztukjy,1
gvpqa,1
dkazgshioslcq,1
raqduhnkdasobu,1
uquvbwk,1
srsh,1
dzqldbeg,1
qy,1
nciqb,1
mcigiabadqseuateagi,1
kcjtx,1
gadbjadxunj,1
ikjumoetkdvdo,1
gjlyuollzma,1
nntt,1
olne,1
rhqlthciyg,1
cxyn,1
rgahtsmgb,1
pqvzdtr,1
ulyheigjuyiztymkndiairyijdrg,1
qlyc,1
riuaad,1
iymm,1
auaadus,1
lctre,1
bfmciiolz,1
norcb,1
xxx,1
hcpwepwzgh,1
wtju,1
fkqhardtegxuoddrb,1
qsnuroa,1
dnzmbgmmbgmym,1
ork,1
ntbuveqshzcc,1
vep,1
zetj,1
xwxj,1
kkd,1
idtuja,1
brstfhcqdgv,1
slatjxkle,1
ohf,1
hysxr,1
evrn,1
prkzs,1
twlpaavhu,1
eqcmcdd,1
coa,1
oe,1
onnzz,1
voj,1
jnnmwx,1
sdqypvjne,1
oxdrduiuam,1
vwebhjx,1
cntnz,1
ggsxr,1
ztw,1
jroweab,1
ftlt,1
fquid,1
bry,1
nbdv,1
sumtzqepkskvs,1
hbqvdciwrdy,1
mplhofrweosogflo,1
fdovs,1
jml,1
qadatnrbryxppgygidvpyce,1
mbom,1
uqgamwpgwgawyovwrr,1
dtt,1
uzzl,1
xt,1
dklmbqngdroej,1
gnu,1
mjnfyohzbg,1
ikllu,1
ke,1
hwdc,1
riqr,1
vnjy,1
noolpodusvvte,1
sbdbf,1
iscsnlkymkrhr,1
yfhr,1
nmrkyjp,1
jvfffx,1
hoag,1
fbbwz,1
ynmyzdiwyqp,1
ymwkfzccc,1
gfcxe,1
wezdaykjpjv,1
shrr,1
sgc,1
agf,1
kxj,1
nak,1
enuejq,1
esg,1
rrernymzev,1
xsc,1
ttt,1
ibdrswvxlgdobcm,1
jypim,1
wdvb,1
spccoxmwzcoupkam,1
sjnn,1
gtwvxys,1
epw,1
gcbtczto,1
hsuljj,1
xhuiq,1
bjjyb,1
xgzscij,1
qzonj,1
pxlsksh,1
vwxn,1
yevugopd,1
ldvh,1
fp,1
ymjgrfp,1
nmzejokaay,1
cvv,1
kxi,1
amgeajwbfjxzbixihlvq,1
adt,1
hijq,1
rpfhtvlj,1
wf,2
pxaij,1
hlu,1
jzubj,1
egsliboboa,1
dqmlyujfe,1
nr,1
zgoxfgo,1
gkx,1
wnp,1
nkmmhhjh,1
ynwouagd,1
wmuziymi,1
uvfeecdpkwlyejqovc,1
udbg,1
hubkzchlv,1
enwlmulr,1
vhmlkbny,1
yzu,1
qndrb,1
kfgiafj,1
yh,1
ldkrk,1
oamgdmann,1
yaoxpmynu,1
bdi,1
brvmzjmdgtnmtnpblzksgpurv,1
rdlsxqeffoqhhnrokvoeoheczz,1
lhbt,1
oxcwkkswrukd,1
yph,1
swvssavwpiaf,1
psxflvghvhygea,1
wnyuzjif,1
ds,2
spusxepbgzgvlissrc,1
ogdmehh,1
zq,1
picggkytk,1
xmh,1
ccqrrg,1
muvljmnvqvfunxrmg,1
anptv,1
pppiisrkyshbtwqjvak,1
hsk,1
po,1
htcqvdh,1
oqdz,1
xjsfgh,1
sgikbmshfj,1
ukkdoeiroigiqiodrdezjabytayydkzebbgpnlev,1
zxn,1
bbdu,1
xhuu,1
qvxobqhgw,1
dnxjtb,1
zsareudnpr,1
yirugxlq,1
gzqlsisbf,1
ovfnunzegehojruy,1
tdufevoejdhfduxpsfjkmwai,1
vfv,1
lmpw,1
go,2
yslr,1
nte,1
ovdwatusrmoaq,1
rujwoxfxku,1
gpm,1
jtxyd,1
oebyaks,1
ayicirl,1
ocq,1
qdckdad,1
khw,1
vsh,1
mrrtgbgupiebxc,1
llevowjdhf,1
sgswfg,1
otqqa,1
gpnedgdyhrfqayz,1
jt,2
pqca,1
isjnmcehog,1
marqcprchb,1
ioyn,1
swg,1
odolhwlceckndiajrxashidrmekjbbyb,1
aqc,1
nhmufptd,1
rqpvjv,1
udfad,1
ugnktiwwsgitrk,1
ozdiwnq,1
oipduuud,1
nuwzuqvfwqmwywpyvrerabieiokwvuwpelh,1
agffxh,1
ujhlpia,1
tueeagdbjsnqa,1
grnugjmoaquafdmdydsczgvnvb,1
damk,1
khc,1
exhmejc,1
jowvgzsgc,1
sgscmy,1
bbrpwwovxhimrnp,1
tubt,1
kizijxrfdn,1
kafl,1
huvj,1
lzmgqhby,1
ikzjgenfvmz,1
ai,1
hddai,1
celdqftrfhes,1
fagdcpqi,1
hnlnfjgimmehoqsicakevcefalb,1
wzfkqhokjqhzvt,1
fil,1
qjuqpghaslsh,1
nexywjdhfdtxhjroztgwwr,1
yf,1
qdtgd,1
trsx,1
jvrwaacyf,1
qaxbl,1
ferntvmoaq,1
tvxjx,1
szdudgrjaiappmhe,1
nmkzmkbegft,1
fgkqcmhig,1
ggkne,1
roqjhuhbwluxs,1
cjc,1
tomlg,1
tkdski,1
hjbojesmcehomv,1
efz,1
qfuc,1
ux,1
ckqndaddla,1
mrhsirw,1
xupwimhdmoaq,1
txr,1
aac,3
spoirfgejtgpndhhk,1
lajzbwluqbgsnuiomoetujr,1
znaxdgao,1
uxoec,1
ofcqhrf,1
bqxbf,1
jah,1
ujrfsf,1
setkquxwikhlxbkc,1
ubgbwdoury,1
jogsonsp,1
xqbajw,1
hrucydsoiy,1
rnrlfj,1
athsvovnvj,1
sdthufpsdz,1
yxvpl,1
unohh,1
ocure,1
glmciioy,1
qhafhchumaao,1
eapltxdjhjht,1
sluvzvgohqhezo,1
oetkbuxwikhl,1
kobun,1
vd,1
llsqpj,1
zlcasb,1
rxnuc,1
gvigg,1
reqcthclqcr,1
de,12
peb,1
buxonzdzlecfj,1
hblf,1
jeinxx,1
geksrbrn,1
hbieiupwgcfh,1
ck,1
yqaucmg,1
ut,1
orre,1
tuytlc,1
oizopb,1
bzo,1
eey,1
bcrr,1
aryrnyyeeyeorgza,1
pzeov,1
ubcm,1
hw,1
iq,1
ylx,1
wdhwrco,1
jij,1
yijdrb,1
jdnhhnfuvq,1
guantpvehpx,1
ebha,1
norst,1
zgalkbirebmlpq,1
mqfalz,1
pckivlhgknehtu,1
nhsv,1
ckgh,1
zndpvlx,1
pme,1
bwckztuijkyhpbphsfm,1
igknehjepfzt,1
mmmgagdhd,1
eqc,1
hcl,1
prqsds,1
fhx,1
ntygm,1
uld,1
aprmyqoy,1
pefkgjjhe,1
bupzptgvwn,1
qhsbrz,1
ow,1
gzpi,1
vmx,1
wpd,1
phqsqe,1
glw,1
wdhitkmtmvot,1
hwkoexmfiaj,1
dmk,1
veq,1
wox,1
fxc,1
hzt,1
zwtybhyh,1
hzynqo,1
mdursbuihqivjvhk,1
wnnvuowrkzcaokajh,1
eedeo,1
oinj,1
acrhx,1
pwmbatjw,1
eqcphmx,1
jmviwe,1
zsyjuyebwfjlltuwentpz,1
wdoiok,1
nukvznnhho,1
ypaymzl,1
za,2
vrmf,1
ni,1
fov,1
zbh,1
tw,1
chyqbvq,1
dmfwky,1
tvsa,1
etka,1
xaijjtvpx,1
te,1
nwhx,1
piiy,1
zdfxquvvoqdo,2
cinjywu,2
dorw,1
trfuyefpmyexklfj,1
xzcsw,1
nxvycamgbdbo,1
bjclvmgrqsoyxy,1
barm,1
eadu,1
ulaljz,1
um,1
jpqh,1
ejnhy,1
oytug,1
xjxj,1
dqszdsdturak,1
cpr,1
zyny,1
cykso,1
naeuwlmg,1
efnqu,1
ngikci,1
cca,1
whmte,1
mxxngbv,1
rvr,1
aymdctwzd,1
mehmdvrfgdg,1
nmzsehiwkpvqzbt,1
rqrxmm,1
ewggaymrawfnbn,1
iro,1
porlldxth,1
foge,1
aaacnwrcobihhhybin,1
gydgcivjkavd,1
otlkhdqhk,1
frw,1
jaei,1
fjepl,1
ymjjhilrcrf,1
twtvlontqfsriyzgvluz,1
xsymgectm,1
dil,1
lfyvxs,1
mpubwx,1
thx,1
nrubn,1
tumjdhhjgyfig,1
iuhxixhm,1
dbmuzhcasz,1
vwwbyijemmwrhyoltuwdyv,1
agfzpqxyuragewdgioymg,1
jlysrbkssrawdexls,1
ujiufruzh,1
gk,1
iiieuocb,1
pywwcyywcxdis,1
nclwet,1
txsbqhw,1
geug,1
seqmrbm,1
ifcf,1
sbace,1
gmwqx,1
sgbfyek,1
bgjvsyoxebwv,1
wno,1
jweeeabdy,1
imri,1
dedvcc,1
lpfjciklzz,1
dhwivgtetsewqbgx,1
nyohrxphywmwooi,1
saeynrgfbqa,1
frjrx,1
wxn,1
ydx,1
txtm,1
ryqy,1
nhyam,1
rmri,1
opfz,1
exl,1
lgd,1
nhywk,1
wvfdxtxrfks,1
vr,1
zgrpvnxbbgaebpn,1
pzjisehkukkyi,1
kppgs,1
ynev,1
dtic,1
rqmrrqpre,1
egmtersbgxymnjwfdhwwe,1
lgrl,1
zwagagls,1
ngo,1
gotk,1
mdlzjgcgtlqubw,1
cwisvvtjmexu,1
qihiilyfx,1
ncxiyqqioufxfdbrcjpz,1
fanc,1
ehiqaafjsurbw,1
ulcdttteaqb,1
bnw,2
ppp,2
gqkjyfj,2
eefr,2
bqeo,2
agmfgwozzs,1
jkiokkzgreokjjzb,1
gbmmtlfk,1
hiiiifirhe,1
tgzdavx,1
jeyccaaokcmayxsjz,1
agnjy,1
rqaoweprrff,1
qkmvdfx,1
qkbaagboningxkzmnjwzs,1
ysgvqt,1
utbisiiih,1
hlto,1
csm,1
oererl,1
nm,1
jzarereismeh,1
thciiihiczjgeberkeiwwseiiilfyyjdrereiuprvg,1
srebdabjy,1
eiiiiosr,1
rjgx,1
medu,1
tycabiseisohiiiidqrtrywbooh,1
shevw,1
bnneroackequvtczrmzcqkjkckpyz,1
lp,1
tv,1
py,11
duz,1
kurdtw,1
qvfurbpxybeeluqfhjx,1
hywh,1
xv,1
yot,1
ycrzry,1
jfxkrerkq,1
thciiihiczjgddgdtoe,1
vwv,1
ol,1
uoeiapw,1
ewd,1
gfthxl,1
ofvlimmiiijsno,1
geberkeiwwseiiilfyyjdrereismeh,1
iiibshcu,1
xwrx,1
mrite,1
hx,2
gwlobnmzdlhzlilfy,1
endddx,1
mrhr,1
fqufbvkhpxglfy,1
eiaiyn,1
keozpkzz,1
dvvfcikiokqufbgdzsghbv,1
wipis,1
gymjiqgmdersuhkeffzzobwoqupzazs,1
bclnn,1
cikal,1
otxxrvhe,1
jfj,1
eaqgbmlixik,1
epcg,1
jjgtnfli,1
fjnnz,1
ugpp,1
emjmzmx,1
dbqxf,1
sdmqjs,1
lgrv,1
zbk,1
otazrmhkysl,1
fx,2
uoemwdt,1
ssbb,1
jiuogsb,1
lrxv,1
ps,1
lhqadt,1
rvvcojqibz,1
ksidw,1
xojrfeegff,1
vdfxehdh,1
hiiy,1
rwpq,1
gdp,1
iiy,1
dodfed,1
dirussouapeuxpntnoujsvf,1
omf,1
yhrrp,1
hvlxcbcbu,1
lhr,1
lauqba,1
vkxothzzcnlecrmmii,1
qjuisnkk,1
ky,1
qmbtvpptueh,1
mfwz,1
ivffek,1
feygnaxllypfu,1
hgbsbk,1
mmpibrydcir,1
uldi,1
ghof,1
bardi,1
dkfjv,1
mjlmaidiyeiji,1
jpppswzcouqunrpk,1
gojr,1
enxfeiejoaawfphxvvfww,1
gepzrhx,1
tocpxoualb,1
bifn,1
srkdepu,1
dqvlbw,1
nnrp,1
nhwoqjxvtc,1
mtmm,1
toqicdrsdmtexrz,1
piylbwvmzrfepnyikmd,1
psang,1
fspw,1
gcjz,1
ghv,1
mhontuldkwxtp,1
iddeew,1
hn,1
zysqopppiiddod,1
rvvpqndu,1
wnn,1
wsjpmjkskpukvvsnvteo,1
clx,1
tauy,1
xz,1
bnylfrkvdiyilthqrbapxfoihe,1
nycffhj,1
dli,1
bpa,1
fcupksvdoo,1
vlzocxxi,1
hbg,1
cisef,1
amdw,1
cnx,1
obbvpbaa,1
xwutdy,1
cvx,1
ycf,1
qoppskgqyoqn,1
pefpmit,1
hvfff,1
smalj,1
lthc,1
gnfohfqtvms,1
pry,1
jlslbrg,1
vfytgktevtoixu,1
irn,1
ul,1
zzdbsemtzvw,1
quvwmkxqk,1
wsxihmstfxwhgwigtnhswyabwrfghuutk,1
pvf,1
omfcddddweabg,1
ejkkiiixcujajjofexsycci,1
kxmxfuz,1
uci,1
picnbxkzgrjfpuyikolhhx,1
jh,1
agjiylsh,1
rikydpxv,1
jbw,1
evfccw,1
hsrswphxllm,1
ojro,1
jvq,1
deesltq,1
mdvkrwh,1
dqtzrbxd,1
omtersbgxrt,1
xrvyrnm,1
lxpry,1
gdjh,1
cjozsbi,1
eorhp,1
ufxdj,1
ty,1
uoemkl,1
ucf,1
csvv,1
roakh,1
mxgmcawmfdi,1
jqjndt,1
knvnwchbiiqk,1
nqnlvtyy,1
hiymdzz,1
pgbonikdo,1
bgztffxjtvvil,1
aipy,1
nnnkppnj,1
xanag,1
oxl,1
ewxx,1
addz,1
odwg,1
udseph,1
ltp,1
cfn,1
iyej,1
nkt,1
vboivvvp,1
cvuavviingjodwzq,1
objvffekzo,1
xem,1
uuvxdtuvfgn,1
kpksnim,1
kxviimm,1
vhh,1
nmzp,1
wkpctxqaeeei,1
rvf,1
bhx,1
ksbgxoo,1
cp,1
uh,1
fq,1
iikhonlsiiiilydq,1
bisiiisvhgknereskwwshiiiificjdhereskoexwiiijshcy,1
rerepdhmciiiiehxmoaqergr,1
jdbisiiisvhgknereskwwshiiiificjdheresno,1
wcveaictnlj,1
waaaabjru,1
erkjggg,1
figure,1
size,23
with,10
axes,1
display,2
matplotlib,1
pyplot,1
plt,3
linspace,1
sinus,2
sin,2
plot,1
show,2
eace,1
math,7
sqrt,4
ffe,2
ed,14
from,2
ccae,1
cos,2
floor,2
fb,12
content,2
dir,1
bc,17
caa,1
doc,1
file,8
loader,1
name,34
package,1
spec,1
acos,1
acosh,1
asin,1
asinh,1
atan,2
atanh,1
cbrt,1
ceil,1
comb,1
copysign,1
cosh,1
degrees,1
dist,1
erf,1
erfc,1
exp,2
expm,1
fabs,1
factorial,1
fmod,1
frexp,1
fsum,1
gamma,1
gcd,1
hypot,1
inf,1
isclose,1
isfinite,1
isinf,1
isnan,1
isqrt,1
lcm,1
ldexp,1
lgamma,1
log,4
modf,1
nan,1
nextafter,1
perm,1
pi,4
pow,1
prod,1
radians,1
remainder,1
sinh,1
sumprod,1
tan,1
tanh,1
tau,1
trunc,1
ulp,1
ece,1
ffc,3
aed,1
aeca,1
fcc,1
float,8
eb,14
ba,18
cdb,1
fc,13
bde,1
and,25
aab,2
not,7
cbbf,1
aef,2
afb,1
int,4
aee,1
str,6
two,11
fad,3
bool,9
eed,4
nonetype,1
none,8
fac,1
isinstance,2
dae,1
ebb,1
bdc,2
eede,1
abc,1
abd,1
ecfcb,1
aaa,1
bcdb,1
create,4
an,4
empty,11
list,44
ways,2
dacdd,1
homer,25
marge,28
bart,15
simpsons,34
examine,1
len,9
maggie,8
lisa,22
itchy,12
scratchy,4
modify,1
does,1
return,13
the,26
append,12
extend,2
insert,1
bedb,1
remove,4
pop,4
ebef,1
baad,2
adf,3
krusty,9
del,2
ned,2
rod,2
todd,2
concatenate,1
slower,1
that,3
method,1
neighbors,2
baa,1
bfbf,1
in,41
tich,1
bfce,1
mon,8
weekdays,11
tue,6
wed,7
thurs,4
fri,6
fbb,1
cddf,1
ddb,2
reverseiterator,1
at,3
reversed,2
sort,3
reverse,2
efb,1
bfbb,1
key,9
daf,3
cdc,1
befa,1
sorted,4
cac,2
num,50
same,7
bee,2
adc,1
new,7
copy,4
eef,2
bff,2
bef,1
abae,1
add,14
fedb,1
ecab,1
fabb,1
befc,1
edb,2
baf,1
dda,2
bedd,1
bfda,1
tuple,3
digits,11
eab,2
zero,2
affd,1
bda,2
bbf,1
cbd,3
index,5
dee,1
bae,1
bcc,1
fcdcf,1
male,2
simpson,2
fca,1
ddc,1
acfd,1
like,12
you,11
bdea,1
aedf,1
dab,2
cfd,1
fec,1
eba,1
lower,2
aff,1
dbb,1
upper,2
ecff,1
startswith,1
endswith,1
isdigit,1
find,3
cfbe,1
acd,1
fda,2
hate,1
love,2
replace,1
eec,1
split,7
bbb,2
ccbcdbe,1
ebfe,1
larry,2
curly,2
moe,2
stooges,2
join,14
dbfc,1
meaning,2
life,2
ham,2
cheese,2
strip,1
bfb,1
raining,6
cats,4
dogs,6
fecd,1
format,3
aafa,1
cat,7
arg,4
dfc,2
defe,1
stdout,31
stream,27
first,10
line,27
second,5
print,47
nsecond,5
cee,1
decode,3
utf,4
adbc,1
dict,11
dad,16
mom,20
dictionary,2
family,36
efdf,1
convert,1
tuples,3
into,3
faa,1
beeab,1
keys,2
dadde,1
values,4
eeafd,1
items,9
fafcb,1
snowball,4
fdd,1
kids,7
cff,1
bfe,1
cea,4
cbfa,1
update,2
baby,4
grandpa,3
abe,4
dec,3
get,3
bfa,1
error,5
grandma,4
try,6
except,5
keyerror,2
aea,1
aeb,1
afd,1
found,5
youngest,2
child,2
dcf,1
affb,1
set,7
java,7
python,21
languages,19
ebafeb,1
fce,1
snakes,7
cobra,5
viper,5
afa,2
edd,1
ade,1
ecc,1
cebb,1
ccee,1
sql,2
discard,1
fcdc,1
clear,1
spark,1
itertools,2
for,35
product,2
nums,13
cubes,16
feecb,1
even,5
ead,1
cfa,2
squares,6
else,7
bcd,1
dadf,1
fbf,2
fea,1
matrix,5
row,4
item,4
dde,1
fcdec,1
fruits,5
apple,3
banana,7
cherry,3
unique,2
lengths,4
fruit,11
fcfb,1
abf,1
older,2
null,2
bac,2
incomes,2
tick,2
tow,2
but,2
small,2
gall,2
too,3
pinch,2
stumble,2
large,2
they,3
shoes,2
trip,2
cause,2
our,3
are,3
this,23
will,7
times,6
quote,3
word,16
iterate,1
through,2
things,1
once,1
using,1
unpacking,1
value,5
use,2
enumerate,2
need,1
access,1
within,1
loop,5
break,2
exit,2
skip,1
block,2
executes,1
only,2
completes,1
without,1
hitting,1
can,1
while,2
equivalent,1
dct,5
missing,3
define,3
function,12
arguments,1
def,15
call,1
one,1
argument,3
dbd,2
deuxtrois,1
deux,3
trois,3
dfff,1
square,7
number,2
adaff,1
cdaeeac,1
var,2
faff,1
power,5
dfb,1
dadccb,1
stub,1
pass,1
min,8
max,8
compile,3
regular,1
expression,1
pattern,1
regex,5
sub,7
ses,10
eaec,1
strings,3
abcsub,1
mri,6
defsub,1
ghisub,1
ctscan,3
findall,3
mnt,1
users,1
aaron,31
joel,31
documents,1
hal,4
cwd,3
getcwd,1
tempfile,4
tmpdir,11
gettempdir,2
tmp,14
foobar,17
mytmpdir,5
path,15
plop,8
makedirs,1
toto,3
exist,1
containing,1
names,1
entries,1
directory,1
given,2
listdir,1
cbc,1
ebe,1
myfile,11
txt,14
filename,11
ffa,2
lines,6
dans,5
tout,5
est,5
bon,5
enfin,5
presque,5
write,5
open,10
close,7
context,2
manager,3
automatically,1
your,1
faf,1
readline,3
afc,1
dfbc,1
fceec,1
readlines,2
acac,1
bbc,2
wd,3
eae,1
dirpath,2
dirnames,2
filenames,7
walk,1
ada,2
cedb,1
glob,3
take,1
basename,2
then,1
extension,2
basenames,2
splitext,1
cce,1
shutil,2
src,4
dst,5
exists,3
abfc,1
total,3
rwxrwxrwx,15
may,15
ipynb,7
mlcourseai,2
git,2
token,3
csv,10
wordcount,7
returncode,3
bin,2
usr,4
merged,4
boot,1
subprocess,6
doesn,1
capture,2
run,6
ls,5
shell,2
out,16
pipe,1
stderr,1
sequence,1
bytes,1
should,1
decoded,1
string,1
mhal,1
mmlcourseai,1
mgit,1
mword,1
mwordcount,1
aec,1
bad,1
mdev,1
mlib,3
mopt,1
msbin,2
musr,1
metc,1
mproc,1
msnap,1
mvar,1
mbin,2
mhome,1
mlost,1
mroot,1
msrv,1
minit,1
mmedia,1
mrun,1
msys,1
mboot,1
mmnt,1
mtmp,1
markdown,1
process,6
program,1
instance,1
has,1
loaded,1
memory,1
managed,1
operating,1
system,1
address,1
space,1
thread,9
control,1
time,17
threading,5
sign,2
range,1
sum,3
some,1
computation,1
ellapsed,4
numbers,1
simple,1
target,4
args,5
start,8
both,1
parallel,1
joins,1
threads,1
back,1
parent,1
afaf,1
multiprocessing,7
sharing,1
requires,1
specific,1
mechanism,1
ecb,1
overwriting,1
writefile,1
argparse,2
pandas,2
pd,3
main,2
parse,2
command,1
options,7
parser,5
argumentparser,1
input,13
help,8
files,3
nargs,1
default,5
raise,2
systemexit,1
isfile,1
match,1
words,1
dataframe,5
columns,1
usage,1
message,3
html,1
div,2
style,3
scoped,1
tbody,4
tr,14
vertical,2
align,4
middle,1
top,1
thead,3
right,2
table,2
border,1
class,4
read,1
head,1
rwxrwxr,4
oct,1
readme,6
statisticsmachinelearningpython,1
pdf,3
nov,1
statisticsmachinelearningpythondraft,2
jul,1
email,1
features,1
ftplib,3
login,1
pub,2
unati,2
people,2
educhesnay,2
pystatml,2
retrlines,1
wb,1
retrbinary,1
retr,1
quit,1
download,1
urllib,3
request,2
url,2
urlretrieve,1
fbc,1
notimplementederror,4
shape,4
area,5
self,9
inheritance,1
encapsulation,1
init,2
width,4
disk,2
radius,4
shapes,2
polymorphism,1
on,1
my,6
module,1
parameters,2
operand,4
optional,2
returns,2
operands,2
example,2
comment,1
bece,1
inverse,2
compute,2
inv,8
ninverse,1
linalgerror,1
nmatrix,1
invertible,1
bab,1
fab,1
dadcf,1
kernelspec,1
ipykernel,1
language,2
info,1
codemirror,1
mode,1
ipython,2
version,2
mimetype,1
nbconvert,1
exporter,1
pygments,1
lexer,1
nbformat,2
minor,1
